# Name,      Type, SubType, Offset,   Size,     Flags
nvs,         data, nvs,     0x9000,   0x20000,
otadata,     data, ota,     0x29000,  0x2000,
phy_init,    data, phy,     0x2B000,  0x1000,
ota_0,       app,  ota_0,   0x30000,  0x380000,
ota_1,       app,  ota_1,   0x3B0000, 0x380000,
assets,      data, spiffs,  0x730000, 0x400000,
storage,     data, spiffs,  0xB30000, 0x100000,
coredump,    data, coredump,0xC30000, 0x20000,
# 0xC50000..0xFFFFFF intentionally remains unpartitioned for future migration.
